{
  "accuracy": [
    0.8518518805503845,
    0.9655925631523132,
    0.9739629626274109,
    0.9794814586639404,
    0.979888916015625,
    0.9826481342315674,
    0.9830740690231323,
    0.9848889112472534,
    0.9860000014305115,
    0.9874629378318787,
    0.9902592301368713,
    0.9906851649284363,
    0.9910555481910706
  ],
  "loss": [
    0.4675731062889099,
    0.11822306364774704,
    0.08783099800348282,
    0.07054471969604492,
    0.0665191262960434,
    0.05692102015018463,
    0.055962927639484406,
    0.05049646273255348,
    0.047899775207042694,
    0.04445739462971687,
    0.03397420793771744,
    0.031593356281518936,
    0.029296450316905975
  ],
  "val_accuracy": [
    0.8050000071525574,
    0.9768333435058594,
    0.9733333587646484,
    0.972000002861023,
    0.9900000095367432,
    0.968500018119812,
    0.9903333187103271,
    0.9928333163261414,
    0.9911666512489319,
    0.9868333339691162,
    0.9923333525657654,
    0.9928333163261414,
    0.9928333163261414
  ],
  "val_loss": [
    0.5751349925994873,
    0.08219803869724274,
    0.08411135524511337,
    0.08089984208345413,
    0.033453430980443954,
    0.1111135333776474,
    0.03048340044915676,
    0.023583613336086273,
    0.032487902790308,
    0.042916879057884216,
    0.026162855327129364,
    0.023535853251814842,
    0.02243424393236637
  ],
  "learning_rate": [
    0.0010000000474974513,
    0.0010000000474974513,
    0.0010000000474974513,
    0.0010000000474974513,
    0.0010000000474974513,
    0.0010000000474974513,
    0.0010000000474974513,
    0.0010000000474974513,
    0.0010000000474974513,
    0.0010000000474974513,
    0.0005000000237487257,
    0.0005000000237487257,
    0.0002500000118743628
  ]
}